{"meta":{"generated_timestamp":1573559940,"requested_timestamp":1573509600,"ref_url":"https://www.sodexo.fi/leiritie","ref_title":"Metropolia Leiritie"},"courses":[{"title_fi":"Taco maustettua jauheliha-perunavuokaa","title_en":"Taco spicy potato and minced meat casserole","price":"2,60 / 5,31 / 6,72","properties":"G, L","desc_fi":"","desc_en":"","desc_se":""},{"title_fi":"Paneroidut broilerpihvit,pestokastiketta ja pastaa","title_en":"Breaded chicken patty,pesto sauce and whole grain pasta","price":"2,60 / 5,31 / 6,72","properties":"L","desc_fi":"","desc_en":"","desc_se":""},{"title_fi":"vegaani Bataattia ja lehtikaalia maapähkinäkastikkeessa ja täysjyväriisiä","title_en":"vegan Sweet potato and kale in peanut sauce","price":"2,60 / 5,31 / 6,72","properties":"G, M","desc_fi":"","desc_en":"","desc_se":""},{"title_fi":"Palsternakkasosekeittoa","title_en":"Pureed parsnip sauce","price":"1,33 / 3,64 / 6,43","properties":"G, L","desc_fi":"","desc_en":"","desc_se":""},{"title_fi":"Lounaspatonki feta-tomaati-basilikatäytteellä","title_en":"Lunch baguette filled feta-tomato and basil","price":"1,84 / 5,30 / 6,72","properties":"L","desc_fi":"","desc_en":"","desc_se":""},{"title_fi":"Juusto,kana tai halloumhampurilainen,ranskalaiset","title_en":"Cheese,chicken or halloum hamburger,chips","price":"4,05 / 6,72 / 7,82","desc_fi":"","desc_en":"","desc_se":""},{"title_fi":"Broiler tai kasvis caesarsalaatti","title_en":"Chicken or veggie caesar salad","price":"4,05 / 6,72 / 7,82","properties":"L","desc_fi":"","desc_en":"","desc_se":""},{"title_fi":"Mangokiisseliä","title_en":"Mango kissel","price":"0,55 / 0,65 / 0,75","properties":"G, M","desc_fi":"","desc_en":"","desc_se":""}]}